(01) Wann kann man gegen europäische Patente Einspruch erheben?;Bis zu 9 Monate nach der Erteilung. ;Bis zu 12 Monate nach der Erteilung. ;Es ist keine Frist dafür festgesetzt. Daher ist dies jederzeit möglich.;Gegen europäische Patente kann kein Einspruch erhoben werden.;Keine der genannten Antworten.;1;;Mit der Erteilung gilt das europäische Patent in jedem Land so, als wäre es dort vom dortigen Patentamt erteilt worden (Bündelpatent). Es zerfällt in einzelne, voneinander unabhängige, nationale Schutzrechte. Eine Folge des ‚Bündels‘ ist auch, dass der Anmelder sich aussuchen kann, in welchen Mitgliedsstaaten das Patent (weiterhin) gelten soll. Es besteht allerdings noch bis 9 Monate nach der Erteilung die Gefahr eines Einspruches (Skriptum Seite 17).
(02) Kann man für Patentanmeldungen mehr als eine Priorität beanspruchen? Wenn ja, auch aus unterschiedlichen Ländern?;Ja, es kann mehr als eine Priorität beansprucht werden, jedoch nicht aus unterschiedlichen Ländern.;Ja, mehrere Prioritäten können beansprucht werden, auch aus unterschiedlichen Mitgliedsstaaten der PVÜ.;Nein, nur eine Priorität kann beansprucht werden.;Nein, es können keine Prioritäten beansprucht werden.;Keine der genannten Antworten.;2;;Mit der Erstanmeldung genießt der Anmelder bzw. sein Rechtsnachfolger die Priorität. In prioritätsbegünstigte Auslandsanmeldungen, und seit einigen Jahren auch österreichische ‘Nachanmeldungen’ - Innere Priorität, können nun Erweiterungen und neue Erkenntnisse eingearbeitet werden, die selbstverständlich nur ‘ihren’ Anmeldetag als Zeitrang besitzen und ihrerseits wieder ein Prioritätsrecht begründen (Skriptum Seite 20-21).
(03) Kann man ein technisches Merkmal mittels eines Geschmacksmusters (Designs) schützen?;Ja, jedoch nur, wenn es sich um eine technische Lösung handelt, nicht nur um eine Idee.;Ja, ein technisches Merkmal kann immer mittels eines Geschmacksmusters geschützt werden.;Nein, da technisch bedingte Produkte vom Schutz mittels eines Geschmacksmusters ausgeschlossen sind.;Nein, da ein technisches Merkmal nichts mit dem Aussehen eines Produktes zu tun haben kann.;Keine der genannten Antworten.;3;;Gewerblicher Rechtsschutz schützt das sogenannte gewerbliche Eigentum, das sind Patente (inkl. Gebrauchsmuster), Marken (inkl. Handelsnamen), Designs bzw. Geschmacksmuster und einige ‚exotische‘ Schutzrechtsarten. Wenn man das Urheberrecht (Copyright), das hier nur am Rande behandelt wird, dazuzählt, so spricht man vom geistigen Eigentum (Intellectual Property). Der Schutz auf Muster (auch Geschmacksmuster oder Design genannt) gibt Designern die Möglichkeit, das Aussehen eines Produktes, soweit es neu und nicht technisch bedingt ist, schützen zu lassen (Skriptum Seite 3).
(04) Welche Aussagen treffen auf den Begriff ‚Erfindungshöhe‘ zu?;Der Begriff ist gleichbedeutend mit ‚erfinderischer Schritt‘ oder ‚erfinderische Tätigkeit‘.;Er gibt an wie hoch der Wert einer Erfindung ist, im Vergleich zu anderen Veröffentlichungen.;Er gibt an, ob eine Erfindung für einen Experten, zum Zeitpunkt der Anmeldung in Anbetracht des Standes der Technik naheliegend war.;Die Erfindungshöhe ist immer nur zurückblickend zu beurteilen.;Keine der genannten Antworten.;134;;Bei der ‚Erfindungshöhe‘, ‚erfinderischer Schritt‘ oder auch ‚erfinderische Tätigkeit‘ genannt, wird überprüft, ob die Erfindung für den Fachmann zum Zeitpunkt der Anmeldung in Anbetracht des Standes der Technik naheliegend war. Dies erfolgt meistens durch eine zulässige Kombination mehrerer Vorveröffentlichungen und ist eigentlich immer nur zurückblickend zu beurteilen (Skriptum Seite 9-10).
(05) Welche Aussagen treffen auf Patentansprüche zu?;In der Patentschrift muss genau definiert werden, wofür Schutz begehrt und gewährt wird.;Es muss definiert werden, durch welche technischen Maßnahmen das Ziel erreicht wird.;Nach erfolgter Anmeldung kann den Anmeldungsunterlagen problemlos noch weitere Information hinzugefügt werden.;Jede Information in der Patentschrift, die neu ist, wird immer durch das Patent automatisch geschützt.;Keine der genannten Antworten.;12;;In der Patentschrift, nämlich in den Ansprüchen, muss genau definiert sein, wofür Schutz begehrt und gewährt wird. Diese Definition muss ‚konstruktiv‘ sein, d.h. es müssen die technischen Maßnahmen angegeben sein, durch die das Ziel erreicht wird, aber das Ziel selbst hat in den Ansprüchen nichts zu suchen. Der Schutz besteht für das, was die Ansprüche definieren d.h., wenn jemand etwas weglässt, fällt er nicht mehr (glatt) unter das Patent, wenn jemand alles macht, und dazu noch etwas hinzufügt fällt er sehr wohl unter das Patent! Aus all dem folgt, dass in der Patentschrift viel mehr Information (= Offenbarung) steckt, als der Information entspricht, für die Schutz gewährt wird! Diese zusätzliche Information entspricht zum Teil dem bereits zum Anmeldezeitpunkt bekannten Stand der Technik. Es steckt praktisch immer auch Information in der Patentschrift, die zwar neu ist, aber durch das Patent nicht geschützt wird, da eine genaue Trennung meist schon aus semantischen Gründen nicht möglich ist (Skriptum Seite 24-25).
(06) Wählen Sie alle Kriterien aus, sodass eine Diensterfindung vorliegt!;Die Erfindung fällt ihrem Gegenstand nach in das Arbeitsgebiet des Unternehmens.;Die Erfindung hat einen hohen materiellen Wert.;Der Dienstnehmer hat die Anregung zur Erfindung durch seine Tätigkeit im Unternehmen erhalten.;Der Dienstnehmer hat eine Software, die im Unternehmen zum Einsatz kommt, für die Erfindung benutzt.;Keine der genannten Antworten.;13;;Diensterfinder ist, wer während seiner Dienstzeit eine patentfähige Erfindung macht. Eine Diensterfindung liegt nur dann vor, wenn sie ihrem Gegenstand nach in das Arbeitsgebiet des Unternehmens, in dem der Dienstnehmer (DN) tätig ist, fällt. Zusätzlich muss gelten, dass entweder die Tätigkeit, die zur Erfindung geführt hat, zu den dienstlichen Obliegenheiten des DN gehört, oder der DN die Anregung zur Erfindung durch seine Tätigkeit im Unternehmen erhalten hat, oder das Zustandekommen der Erfindung durch Benützung der Erfahrungen/Hilfsmittel des Unternehmens wesentlich erleichtert worden ist (Skriptum Seite 34-35).
(07) Was trifft zu, wenn der Dienstgeber auf die erhaltene Meldung einer Diensterfindung, in der im Gesetz oder Kollektivvertrag vorgesehenen Frist nicht reagiert? ;Schweigen des Dienstgebers bedeutet Freigabe.;Schweigen des Dienstgebers bedeutet Ablehnung.;Die Frist wird automatisch verlängert.;Es wird keine Entscheidung getroffen, bis die Frist manuell verlängert wird. ;Keine der genannten Antworten.;1;;Wenn eine Vereinbarung besteht, so hat der Dienstnehmer (DN) eine Erfindung, sobald sie fertig ist, unverzüglich dem Dienstgeber (DG) mitzuteilen. Bei Unterlassung der Mitteilung herrscht eine Schadenersatzpflicht. Obwohl vom Gesetz nicht vorgeschrieben, sollte diese daher unbedingt schriftlich mit datierter Gegenbestätigung erfolgen. Der DG hat binnen vier Monaten, gerechnet vom Tag des Erhaltes der Mitteilung an, zu erklären ob er die Erfindung als Diensterfindung in Anspruch nimmt. In den meisten Kollektivverträgen ist die Frist auf drei oder zwei Monate verkürzt. Schweigen des DG bedeutet Freigabe!!! Daher sollte auch hier, obwohl dies nicht vorgeschrieben ist, eine schriftliche, datierte, unbeschränkte Beanspruchung mit Bestätigung erfolgen (Skriptum Seite 35).
(08) Wenn der Dienstgeber die gemeldete Diensterfindung rechtzeitig beansprucht, so steht dem Dienstnehmer was zu? ;Eine dauerhafte Anstellung im Unternehmen.;Eine angemessene Vergütung für die Erfindung.;Ein höheres Gehalt für mind. 6 Monate.;Eine höhere Position im Unternehmen.;Keine der genannten Antworten.;2;;Für jede beanspruchte Diensterfindung steht dem DN ‘in jedem Fall’ eine angemessene Vergütung zu. Diese richtet sich nach dem Wert, den die Erfindung für das Unternehmen hat, einschließlich einer ‘sonstigen’ Verwertung im In- und Ausland und nach dem Anteil (Anregungen, Hilfsmittel, dienstliche Weisungen), den das Unternehmen am Zustandekommen der Erfindung hat. Wer zum Erfinden angestellt ist und tatsächlich damit beschäftigt ist und daher ein höheres Entgelt bekommt, dem gebührt Vergütung nur im darüber noch hinausgehenden Ausmaß (Skriptum Seite 35).
(09) Welches Gericht ist zuständig, wenn es zwischen Privatangestellten und Dienstgeber zu Auseinandersetzungen mit einer Diensterfindung kommt? ;Finanzgericht, außer für Beamte.;Vertragsgericht, außer für Beamte.;Verfassungsgericht, außer für Beamte.;Arbeitsgericht, außer für Beamte.;Keine der genannten Antworten.;4;;Streitigkeiten erfolgen fast immer erst nach Beendigung des Dienstverhältnisses, dann oft hart, auch deshalb, weil in ‘nicht offensichtlich aussichtslosen Fällen’ meist die Arbeiterkammer und unter Umständen die Gewerkschaft dem Dienstnehmer den Prozess zahlt. Zuständiges Gericht: Arbeitsgericht, außer für Beamte. Verjährungsfrist: 3 Jahre, wie immer zu rechnen vom Tag der Einbringung der Klage (Skriptum Seite 36).
(10) Wenn sich nach mehreren Jahren Vergütungszahlung herausstellt, dass die Diensterfindung zu Unrecht erteilt wurde, muss dann der DN die bereits erhaltene Vergütung zurückzahlen? ;Ja, die Vergütung muss zurückgezahlt werden.;Nein, die Vergütung muss nicht zurückgezahlt werden.;;;Keine der genannten Antworten.;2;;Da der Wert der Erfindung für das Unternehmen nicht von vornherein für die gesamte Laufzeit (maximal 20 Jahre) bekannt ist, erfolgt in den meisten Fällen eine periodische Abrechnung und gegebenenfalls auch Anpassung. Der Dienstnehmer braucht eine einmal erhaltene Vergütung unter keinen Umständen zurückzuzahlen (Skriptum Seite 35).
(11) Wem gehört die Erfindung, die im Zuge eines Werkvertrages gemacht wurde, wenn das bestellte Werk, auch ohne diese Erfindung, die vereinbarten Bedingungen erfüllt?;Die Erfindung gehört dem Besteller, wenn nichts anderes vereinbart wurde.;Die Erfindung gehört dem Erfinder (= Unternehmer), wenn nichts anderes vereinbart wurde.;Sowohl der Erfinder, als auch der Besteller haben immer gleichermaßen Recht auf die Erfindung.;Der Erfinder und der Besteller haben beide Recht auf die Erfindung, jedoch der Besteller zu einem höheren Anteil.;Keine der genannten Antworten.;2;;Der Besteller vereinbart über einen Werkvertrag mit einem Unternehmer, dass dieser für ihn ein ‘Werk’ (z.B. ein Softwareprogramm, ein Layout für eine Leiterplatte, ein Prototyp einer Maschine oder auch nur die Zeichnungen und Berechnungen dafür, etc.) gegen Entgelt herstellt und ihm mit den vereinbarten Eigenschaften übergibt. Der Besteller hat daher ein Recht auf das bestellte (= funktionierende) Werk. Wenn dieses eine Erfindung beinhaltet, so gehört dem Besteller auch die Erfindung. Wenn im Zuge der Schaffung des Werkes eine darin nicht enthaltene Erfindung gemacht wird, gehört diese jedenfalls dem Erfinder (= Unternehmer) (Skriptum Seite 38-39).
(12) Was kann über die jeweilige Erfindungshöhe gesagt werden, wenn eine Erfindung durch Kombination von 4 Druckschriften aus der Literatur ableitbar ist?;Wenn Druckschriften aus unterschiedlichen Fachbereichen stammen, ist dies eher ein Indiz für die Erfindungshöhe.;Wenn alle Merkmale der Erfindung aus gleichen Literaturbereichen hervorgehen, spricht dies gegen die Erfindungshöhe.;Der Inhalt von Literatur wird immer als Spezialwissen für eine Fachperson angesehen.;Von einer Fachperson wird erwartet, Literatur im Fachbereich zielstrebig zu konsultieren.;Keine der genannten Antworten.;124;;Wenn Merkmale nur aus der Kombination von 2 oder mehr Vorveröffentlichungen (oder der Kombination mehrerer Abschnitte eines Nachschlagwerkes etc.) bekannt sind, dann ist zwar die Neuheit gegeben, die Frage des Naheliegens muss noch untersucht werden. Wenn im obigen Beispiel in der Variante mit 3 Druckschriften die beiden ersten Druckschriften aus dem Bereich der Elektrotechnik stammen, die dritte aber aus der Werkstofftechnologie oder der Chemie, dann ist dies eher ein Indiz für die Erfindungshöhe. Wenn alle 3 aus der Elektrotechnik stammen, eher dagegen. Wenn alle Merkmale der Erfindung aus den verschiedenen Kapiteln eines Nachschlagewerkes hervorgehen, spricht dies gegen die Erfindungshöhe, dies umso mehr, als der Inhalt eines Nachschlagewerkes nicht als Spezialwissen anzusehen ist und vom Fachmann erwartet wird, dass er Nachschlagewerke zielstrebig konsultiert (Skriptum Seite 10-11).
(13) Durch das Europäische Patentamt werden in einheitlichem Prüfungsverfahren ‚Bündelpatente‘ erteilt. Was versteht man darunter?;Mit der Erteilung gilt das Europäische Patent in jedem Land so, als wäre es vom dortigen Patentamt erteilt worden.;Das Patent zerfällt in einzelne, voneinander unabhängige, nationale Schutzrechte.;Eine Folge des ‚Bündels‘ ist, dass der Anmelder sich aussuchen kann, in welchen Mitgliedsstaaten das Patent (weiterhin) gelten soll.;Eine Folge des ‚Bündels‘ ist, dass dem Anmelder strikt vorgegeben wird, in welchen Mitgliedsstaaten das Patent (weiterhin) gelten soll.;Keine der genannten Antworten.;123;;Mit der Erteilung gilt das EP-Patent in jedem Land so, als wäre es dort vom dortigen Patentamt erteilt worden (Bündelpatent), es zerfällt in einzelne, voneinander unabhängige, nationale Schutzrechte. Eine Folge des ‚Bündels‘ ist auch, dass der Anmelder sich aussuchen kann, in welchen Mitgliedsstaaten das Patent (weiterhin) gelten soll (Skriptum Seite 16-17).
(14) Der PCT (Patent Cooperation Treaty) wird heute vielfach von Patentanmeldern verwendet. Welche Vorteile bietet er dem Benutzer?;Durch den PCT werden Patente erteilt.;Es handelt sich um ein sogenanntes ‚Anmeldehilfsverfahren‘.;Der Anmelder bekommt von der für sein Land zuständigen ‚Internationalen Recherchebehörde‘ eine meist hervorragende Recherche.;Der Anmelder kann die Chancen einer Patentierung zumeist schon gut abschätzen.;Keine der genannten Antworten.;234;;Der PCT schiebt zwischen das Ende des Prioritätsjahres und den Beginn der einzelnen nationalen bzw. regionalen Anmeldungen eine sogenannte ‚internationale Phase‘, die meist 8 oder 18 Monate dauert. Dazu bekommt der Anmelder von der für sein Land zuständigen ‚Internationalen Recherchebehörde‘ eine meist hervorragende Recherche und kann die Chancen einer Patentierung zumeist schon gut abschätzen. Durch dieses Abkommen werden keine Patente erteilt, es ist eben ein sogenanntes ‚Anmeldehilfsverfahren‘! Im Zuge der internationalen Phase wird zu jeder Anmeldung eine Recherche erstellt (Skriptum Seite 18-19). 
(15) Das Europäische Patentübereinkommen ist ein sogenanntes ‚offenes Übereinkommen‘, der PCT ein sogenanntes ‚geschlossenes Abkommen‘, worin besteht der Unterschied? ;Nicht-Angehörige eines Mitgliedstaates können ein ‚offenes Übereinkommen‘ anmelden.;Nur Angehörige von Mitgliedstaaten können ein ‚offenes Übereinkommen‘ anmelden.;Nur Angehörige von Mitgliedstaaten können an einem ‚geschlossenen Abkommen‘ teilnehmen.;Nicht-Angehörige eines Mitgliedstaates können an einem ‚geschlossenen Abkommen‘ teilnehmen.;Keine der genannten Antworten.;13;;In einem ‚offenen Verein‘ kann jeder anmelden, auch wenn er nicht Angehöriger eines Mitgliedstaates ist. Mit der Erteilung gilt das EP-Patent in jedem Land so, als wäre es dort vom dortigen Patentamt erteilt worden (Bündelpatent). Die Zahl der Mitgliedsstaaten des PCT ist im Laufe der Jahre stark angestiegen, derzeit schon über 150 Mitglieder. Nur Angehörige von Mitgliedstaaten können teilnehmen, es ist ein sogenannter ‘geschlossener Verein’ (Skriptum Seite 16-19).
(16) Welche der folgenden Aussagen über einfacher und ausschließlicher Lizenz sind korrekt?;Bei einer einfachen Lizenz kann der Lizenzgeber im gleichen Gebiet am gleichen Gegenstand noch weitere Lizenzen vergeben.;Bei einer einfachen Lizenz kann auch nur ein einfacher Phantasiename für den Lizenzvertrag verwendet werden.;Bei einer ausschließlichen Lizenz kann der Lizenzgeber im gleichen Gebiet am gleichen Gegenstand noch weitere Lizenzen vergeben.;Bei einer ausschließlichen Lizenz kann auch nur ein einfacher Phantasiename für den Lizenzvertrag verwendet werden.;Keine der genannten Antworten.;1;;Lizenzverträge sollten unbedingt unter Zuziehung eines Patentanwalts/Rechtsanwalts/Notars geschlossen werden. In Österreich kann ein Lizenzvertrag auch mündlich geschlossen werden! Bitte nie tun! Der Lizenzvertrag muss das lizenzierte Schutzrecht eindeutig nennen (Anmeldenummer, Patentnummer). Ein ‚Phantasiename‘, unter dem der Lizenzgeber (=LG) sein Produkt vermarktet, ist nicht ausreichend. Das geographische Gebiet muss definiert werden und der Umfang der Lizenz muss angegeben werden. Extrem wichtig ist die Festlegung, ob eine einfache Lizenz oder eine ausschließliche Lizenz vergeben wird. Im ersten Fall kann der LG im gleichen Gebiet am gleichen Gegenstand noch weitere Lizenzen vergeben und/oder selbst tätig sein, im zweiten Fall nicht. Der LG selbst kann auch zur ‚Enthaltsamkeit‘ verpflichtet werden, wenn dies in einem exklusiven Vertrag extra geregelt ist. (Skriptum Seite 40-42).
(17) Warum ist es bei der Erteilung einer ausschließlichen Lizenz für den Lizenzgeber unbedingt ratsam, eine Mindestlizenzgebühr vorzusehen? ;Für Lizenzgeber ist es wichtig, dass Lizenznehmer mind. so viel zahlen, dass Patentierungskosten im In- und Ausland vollständig gedeckt sind.;Eine ausschließliche Lizenz deckt über einer Mindestlizenzgebühr zumindest die Patentierungskosten vollständig ab.;Lizenzgeber fordern in der Realität nur max. die Mindestlizenzgebühr ein.;Eine Mindestlizenzgebühr ist im Gesetz vorgeschrieben und muss daher eingehalten werden.;Keine der genannten Antworten.;12;;Für den Schutzrechtsinhaber/Lizenzgeber (auf Patentanmeldungen von Einzelerfindern bezogen) ist es meistens wichtig, dass der Lizenznehmer (LN) bald so viel zahlt, dass zumindest die weiteren Patentierungskosten im In- und Ausland möglichst vollständig gedeckt sind. Im Falle einer ausschließlichen Lizenz muss (im praktisch-kaufmännischen Sinn) eine Mindestlizenzgebühr (MLG) vorgesehen sein, die zumindest diese Kosten abdeckt. In der Realität wird man auch als Mindestlizenz deutlich mehr verlangen, man möchte ja von seiner Erfindung etwas haben! In vielen Fällen wollen die LN keine MLG, in diesem Fall ist es besser, dem LN ein Kündigungsrecht nach einiger Zeit (z.B. 3 Jahre) und mit langer Kündigungsdauer (zumindest ein Jahr) zuzugestehen, als auf eine MLG zu verzichten. Darüber hinaus ist es für den LN praktisch immer möglich, zu kündigen, wenn er es ernstlich will, denn wie will man ihn halten? (Skriptum Seite 41)
(18) Warum ist es für den Lizenznehmer ratsam, die Lizenz im Patentregister eintragen zu lassen? ;Um die Lizenz dauerhaft verwenden zu können.;Um im Falle eines Inhaberwechsels des Schutzrechtes abgesichert zu sein.;Um im Falle einer Kündigung der Lizenz vom Lizenzgeber abgesichert zu sein.;Um im Falle der Insolvenz des Lizenzgebers abgesichert zu sein.;Keine der genannten Antworten.;234;;Für den Lizenznehmer (LN) ist es oft wichtig, dass er die Lizenz in den diversen Patentregistern eintragen lassen kann, um im Falle eines Inhaberwechsels des Schutzrechtes oder der Insolvenz des Lizenzgebers (LG) abgesichert zu sein. Dann muss im Vertrag für jedes Land die genaue Nummer des Schutzrechtes stehen. Das geht trotzdem nicht in allen Ländern, und ist oft von der Art des Vertrages abhängig. Für den LG ist dies zumeist nur mit Kosten verbunden, darüber hinaus mit Problemen, wenn er die Lizenz kündigt und der gekündigte LN der Streichung im Register nicht zustimmt. Dann muss er klagen und es findet sich kaum ein neuer LN bis zur Rechtskraft (Skriptum Seite 42).
(19) Welche Teile einer Patent- bzw. Offenlegungsschrift sind ab wann für welchen geographischen Bereich der Erde neuheitsschädlich? ;Alles, was in der Patentschrift oder Offenlegungsschrift steht, ist ab der Veröffentlichung nur in den Ländern der Patentschrift neuheitsschädlich.;Nur das, was in der Patentschrift steht, ist ab der Veröffentlichung weltweit neuheitsschädlich.;Nur das, was in den Ansprüchen der Patentschrift definiert ist, ist weltweit vom Erteilungstag an geschützt.;Alles, was in den Ansprüchen definiert ist, ist in den Ländern der Patentschrift und der Offenlegungsschrift vom Erteilungstag an geschützt.;Keine der genannten Antworten.;5;;Es ist alles, was in der Patentschrift oder auch Offenlegungsschrift steht, mit dem Veröffentlichungstag dieser Druckschrift weltweit neuheitsschädlich. Aber es ist nur das, was in den Ansprüchen definiert ist und nur im Land / den Ländern der Patentschrift, nicht der Offenlegungsschrift, vom meist viel späteren Erteilungstag an geschützt (Skriptum Seite 32).
(20) Die Patentansprüche einer Patentschrift definieren den Schutz, den die Erfindung genießt. Ab wann und in welchem geographischen Bereich? ;Ab der Veröffentlichung der Patentschrift und in allen Ländern weltweit.;Ab der Veröffentlichung der Patentschrift und nur in den Ländern der Patentschrift.;Ab dem Erteilungstag und in allen Ländern weltweit.;Ab dem Erteilungstag und nur in den Ländern, in denen das Patent erteilt wurde.;Keine der genannten Antworten.;4;;Es ist nur das, was in den Ansprüchen definiert ist und nur im Land / den Ländern der Patentschrift, nicht der Offenlegungsschrift, vom meist viel späteren Erteilungstag an geschützt (Skriptum Seite 32).
(21) Um eine Marke in der EU rechtskräftig registriert zu haben, sind welche Punkte zu erfüllen?;Die Marke ist kennzeichnungskräftig.;Die Marke ist nicht täuschend.;Die Marke greift in keine älteren Kennzeichenrechte Dritter ein.;Die Marke wurde nicht bösgläubig erworben. ;Keine der genannten Antworten.;1234;;Zu kennzeichnungskräftig: Phantasiebezeichnung - relative Phantasiebezeichnung – anlehnende Bezeichnung bis zur beschreibenden Marke, bei der nur mehr irgendwelche Details oder Zusätze geschützt sind. Täuschend wäre z.B. ‚Österzola‘ für einen Blauschimmelkäse wegen der geschützten Herkunftsbezeichnung ‚Gorgonzola‘! Ein Grenzfall wäre die Marke ‚Herminator‘ für einen Energy-drink, wenn keine Beziehung zum Schifahrer besteht. Das ‚Herminator‘-Beispiel ist darüber hinaus ein Mischfall, da eine solche Marke nicht nur täuschend für die beteiligten Verkehrskreise ist, sondern unabhängig davon auch einen Eingriff in die Rechte von Hermann Maier an seinem Spitznamen darstellt, solange er diese Rechte hat. Dies hängt wiederum mit seiner Bekanntheit zusammen. Wenn man weiß oder, mit der Sorgfalt des ordentlichen Kaufmannes handelnd, wissen müsste, dass jemand Rechte an einer Marke z.B. im Ausland erworben hat und am Schutz im Inland zumindest potentiell interessiert ist, dann erfolgt eine Anmeldung dieser oder einer mit ihr verwechslungsfähig ähnlichen Marke für die gleichen oder damit ähnliche Waren/Dienstleistungen bösgläubig (Skriptum Seite 58-60).
(22) Sind in der EU Tonmarken schutzfähig? (Stand: März 2016);Ja, auch wenn die Tonmarke nicht graphisch darstellbar ist.;Ja, aber nur wenn die Tonmarke graphisch darstellbar ist.;Das wird in jedem EU Mitgliedsstaat anders geregelt.;Tonmarken sind nicht registrierbar.;Keine der genannten Antworten.;2;;Bis März 2016 bestand eine weitere Bedingung: Die graphische Darstellbarkeit der Marke! Eigentlich ein willkürliches Eintragungserfordernis aus praktischen Gründen. Registrierbar waren bis dahin alle Wortmarken, Buchstabenmarken, Zahlenmarken, Tonmarken, wenn graphisch darstellbar (Sonograph, etc.), Bildmarken, kombinierte Marken, Farbmarken mit entsprechender Dokumentation. Aber keine Duftmarken, keine zeitlich abfolgenden Filmsequenzen, keine Hologramme, keine Lichtmarken und komplexen Bewegungsmarken sowie keine gustatorischen und haptischen Marken (Skriptum Seite 59-60).
(23) Sind in der EU Duftmarken schutzfähig? (Stand: März 2016);Ja, auch wenn die Duftmarke nicht graphisch darstellbar ist.;Ja, aber nur wenn die Duftmarke graphisch darstellbar ist.;Das wird in jedem EU Mitgliedsstaat anders geregelt.;Duftmarken sind nicht registrierbar.;Keine der genannten Antworten.;4;;Bis März 2016 bestand eine weitere Bedingung: Die graphische Darstellbarkeit der Marke! Eigentlich ein willkürliches Eintragungserfordernis aus praktischen Gründen. Registrierbar waren bis dahin alle Wortmarken, Buchstabenmarken, Zahlenmarken, Tonmarken, wenn graphisch darstellbar (Sonograph, etc.), Bildmarken, kombinierte Marken, Farbmarken mit entsprechender Dokumentation. Aber keine Duftmarken, keine zeitlich abfolgenden Filmsequenzen, keine Hologramme, keine Lichtmarken und komplexen Bewegungsmarken sowie keine gustatorischen und haptischen Marken (Skriptum Seite 59-60).
(24) Welche der folgenden Marken könnten als täuschend gesehen werden?;Coca-Cola;Pepsi Cola;Gorgonzona;Österzola;Keine der genannten Antworten.;14;;Österzola ist eine täuschende Marke, wegen der geschützten Herkunftsbezeichnung von Gorgonzola (ein norditalienischer Blauschimmelkäse). Coca-Cola kann auch als täuschend gesehen werden, da es kein Kokain (engl. Coca) enthält. Weil diesen Zusammenhang mit Kokain keiner mehr kennt, ist die Marke doch registrierbar. Cola steht für die Colanuss, deren Extrakt in Colagetränke tatsächlich enthalten ist (Skriptum Seite 57-58).
(25) Was sind Beispiele einer kennzeichnungskräftigen Marke?;4711;KHG;Kaufland;Palmers-Grün;Keine der genannten Antworten.;3;;Marken, die nur aus Zahlen bestehen (4711) oder unaussprechbar sind (KHG), sind im Allgemeinen wegen der daraus resultierenden schwachen Kennzeichnungskraft kaum registrierbar, reine Farbmarken ebenso. Kaufland wäre ein Beispiel einer kennzeichnungskräftigen Marke, da die klare und relativ eindeutige Idee gibt, was sie repräsentiert (Skriptum Seite 56-57).
"(26) Was sind Beispiele von nicht kennzeichnungskräftigen Marken, die durch Benutzung kennzeichnungskräftig werden?
";"Erste Österreichische Sparkasse

";711;IBM;Microsoft;Keine der genannten Antworten.;23;;Erste' ist kennzeichnungskräftig und hat sogar einen rein beschreibenden Charakter. 'Microsoft' heißt Software, die nur wenig Speicherplatz braucht. 'IBM' und '711' sind zwei Marken die nicht kennzeichnungskräftig sind (nur Nummer bzw. unaussprechbar), aber diese sind durch die intensive Verbreitung (besonder in den USA) kennzeichnungskräftig geworden (Skriptum Seite 56-58, Internet).
"(27) Können kennzeichnungskräftige Marken ihren Markencharakter verlieren?
";Ja, wenn die Marke in den allgemeinen Sprachgebrauch übergeht und sich der Markeninhaber nicht durch Klagen wehrt.;Nein, weil das bedeuten würde, dass die Marke nicht kennzeichnungskräftig war.;Apple' ist ein Beispiel für eine kennzeichnungskräftige Marke, die ihren Markencharakter verloren hat.;Google' ist ein Beispiel für eine kennzeichnungskräftige Marke, die ihren Markencharakter verloren hat.;Keine der genannten Antworten.;1;;Google klagte den Duden, weil er 'googlen' als 'im Internet suchen' führte, anstatt als 'mit Google suchen'.  Heute wird 'googeln' als 'mit Google im Internet suchen, recherchieren' im Duden angeführt. Da Google befürchten muss, sein Markenrecht zu verlieren, wenn der Name Google (ähnlich wie Tesafilm, Uhu-Kleber oder Walkman) als generischer Gattungsname gebraucht würde, nimmt das Unternehmen massiven Einfluss auf Wörterbuch- und Zeitungsredaktionen sowie Sprachwissenschaftlern, um zu erreichen, dass der explizite Bezug genau zur Google-Suchmaschine dem Anschein nach immer gewahrt sei. Bekannt geworden ist eine solche Einflussnahme im Falle der Duden-Redaktion (Andere Beispiele: Merriam-Webster's Collegiate Dictionary, Washington Post, Schwedisches Sprachenrates, siehe https://de.wiktionary.org/wiki/googeln und https://www.netzwelt.de/news/74551-tipps-tricks-fuers-professionelle-googlen.html). Das Verb 'appeln' existiert noch nicht.
"(28) Was passiert, wenn eine Marke nicht benutzt wird? 
";Eine einmal registrierte Marke, ist unendlich lange geschützt. Es ist keine Erneuerung notwendig.;Wenn die Marke nach der Registrierung nicht regelmäßig (alle 10 Jahre) erneut wird, so geht sie verloren.;Marken werden in fast allen Staaten der Welt nach 5-jähriger Nichtbenutzung, auf Antrag Dritter löschungsreif.;Eine regelmäßige (alle 10 Jahre) Erneuerung der Markenregistrieung, ist nur für nicht-kennzeichnungskräftige Marken notwendig.;Keine der genannten Antworten.;23;;Die Schutzrechte der Marken dauern de facto unendlich lange, wenn sie regelmäßig - zumeist alle 10 Jahre - erneuert werden. Diese Zeitspanne ist auch in den TRIPS (Trade Related aspects of Industrial Property rightS) vorgesehen. Marken werden in fast allen Staaten der Welt nach 5-jähriger Nichtbenutzung löschungsreif. Dies wird meist nur über Antrag eines Dritten vom Amt bzw. Gericht geprüft (Skriptum Seite 3, 63, 70).
(29) Welche der folgenden Aussagen über die Möglichkeiten des Markenerwerbs im Ausland sind korrekt?;Für die internationale Registrierung, sind die Heimatanmeldung und die Anmeldung bei der WIPO (World Intellectual Property Organisation) notwendig.;Für die internationale Registrierung ist es notwendig, dass die Marke neu ist.;Eine 'Land für Land' Registrierung ist teuer und aufwändig, aber in manchen Fällen notwendig.;EU-Marke (oder Unionsmarke) ist auch eine Form des Schutzes der Marke im Ausland.;Keine der genannten Antworten.;134;;Die Neuheit, sofern man sie selbst zerstört, spielt keine Rolle. Im Gegenteil, in manchen Ländern ist die bereits vor der Registrierung (kaum mehr vor der Anmeldung) aufgenommene Benutzung notwendig (Skriptum Seite 62-63).
"(30) Erhält man durch die internationale Registrierung einer Marke für mehrere Länder ein einheitliches Schutzrecht oder ein Schutzrechtsbündel? 
";Die internationale Registrierung gilt in jedem Staat so, als wäre sie eine dortige nationale Marke. Man erhält ein Schutzrechtsbündel.;Für die internationale Registrierung erhält man ein einheitliches Schutzrecht.;Für die EU-Marke erhält man ein einheitliches Schutzrecht.;Die EU-Marke gilt in jedem Staat so, als wäre sie eine dortige nationale Marke. Man erhält ein Schutzrechtsbündel.;Keine der genannten Antworten.;13;;Die internationale Registrierung gilt in jedem Staat so, als wäre sie eine dortige nationale Marke. Eine EU-Marke ist ein einheitliches Schutzrecht für das Gebiet der EU (Skriptum Seite 62-63).
(32) Welche der folgenden Aussagen treffen auf 'einheitliches Schutzrecht' bzw. 'Schutzrechtsbündel' auf dem Gebiet der Marken zu?;Für das einheitliche Schutzrecht, ist eine Marke entweder in allen, oder keinem Mitgliedsstaat geschützt.;Für das Schutzrechtsbündel gilt, dass eine ausreichende Benutzung innerhalb einer Teilmenge der Mitgliedstaaten, als ausreichende Benutzung in allen Mitgliedstaaten gilt.;Für das einheitliche Schutztrecht gilt, dass eine Anmeldung, die in einem einzigen EU Mitgliedsstaat fällt, auch für alle EU Mitgliedstaaten fällt.;Im einheitlichen Schutzrecht dürfen immer nur Mitgliedstaaten eine Markenregistrierung anmelden.;Keine der genannten Antworten.;13;;"EU-Marke: Ein einheitliches Schutzrecht für das Gebiet der EU, gibt es nur für alle oder keinen Mitgliedsstaat (ein Offener Verein, auch Angehörige von nicht-EU-Staaten können eine CTM anmelden). Vorteil gegenüber IR: Ausreichende Benutzung innerhalb eines (nicht unwesentlichen) Teiles der EU gilt als ausreichende Benutzung in der gesamten EU. Nachteil gegenüber IR: Wenn die Anmeldung (oder nach der Registrierung die Marke), beispielsweise wegen einer älteren Marke (oder Firma) in einem einzigen EU-Mitgliesstaat fällt, fällt sie für die gesamte EU, aber es besteht die Möglichkeit, in den konfliktfreien Staaten nationale Marken (nun auch IR) mit der Priorität der gefallenen CTM-Anmeldung einzureichen (sehr teuer). EU-Marke ist ein ein ""Offener Verein"" -- auch Angehörige von nicht-EU-Staaten können dieses einheitliche Schutzrecht anmelden (Skriptum Seite 62-63)."
(33) Wie entsteht der urheberrechtliche Schutz?;Der Schutz entsteht durch das Eintragen in ein Urheberrechtsregister.;Der Schutz entsteht mit dem Werk und bedarf keiner Anmeldung. Dieser wird nur im Streitfall definiert.;Der Schutz entsteht durch eine erworbene Copyright-Anmeldung.;Der Schutz entsteht, indem der Hinweis 'Urheberrechtlich geschützt!' angebracht wird.;Keine der genannten Antworten.;2;;"Der Schutz entsteht mit dem Werk und bedarf keiner Anmeldung, wird nur im Streitfall definiert. Die Urheberrechtsregister dienen ausschließlich zur erleichterten Beweisführung im Klagsfall. Es ist nicht falsch, einen ""Urheberrechtlich geschutzt!"" Hinweis anzubringen, schon um dem Gericht nahezulegen, den Verletzer wegen anderer Verstöße zu verurteilen -- aber es ist auch nicht notwendig (Skriptum Seite 66-67)."
"(34) Was kann von den Techniker interessierenden Dingen urheberrechtlich geschützt werden?
";Sourcecode.;Architekturpläne.;Patente.;Softwarewerke.;Keine der genannten Antworten.;24;;Die Formulierung eines Softwarewerkes ist schützbar, aber dessen Inhalt (Sourcecode) nicht. Patente sind nicht urheberrechtlich schützbar, da sie technisch bedingt sind (Skriptum Seiten 66-67).
"(35) Welche der folgenden Aussagen treffen auf Patente und Gebrauchsmuster zu?
";Gebrauchsmuster sind immer technisch bedingt.;Patente können durch das EUIPO (Europäische Union für geistiges Eigentum) in der EU geschützt werden.;In den USA kann ein Softwarewerk als ein Gebrauchsmuster geschützt werden.;Patente entsprechen Designs.;Keine der genannten Antworten.;5;;Die Begriffe 'Patente' und 'Gebrauchsmuster' sind in den Antworten vertauscht (Skriptum Seite 30-33 und 64-65).
"(36) Welche der folgenden Aussagen über die Schutzdauer von gewerblichen Schutzrechten sind korrekt?
";Designs sind praktisch in allen Staaten für 20 Jahre vom Anmeldetag an geschützt.;Urheberrechtsdauer ist 10 bis 75 Jahre, je nach Land.;Marken sind de facto unendlich lange geschützt, wenn sie regelmäßig (zumeist alle 10 Jahre) erneuert werden.;Patente sind in Europa im Allgemeinen bis 70 Jahre nach dem Tod des Schöpfers geschützt.;Keine der genannten Antworten.;3;;Patente praktisch in allen Staaten 20 Jahre vom Anmeldetag. Marken de facto unendlich lange, wenn sie regelmäßig (zumeist alle 10 Jahre) erneuert werden. Designs 10 bis 25 Jahre, je nach Land. Urheberrecht in Europa im Allgemeinen bis 70 Jahre nach dem Tod des Schöpfers (Skriptum Seite 3).
"(37) Wie kann man Eigentum an Gewerblichen Schutzrechten nachweisen? 
";Eigentum an beweglichen Sachen, ist durch Zeugen, Verträge und Augenschein beweisbar .;Eigentum an unbeweglichen Sachen, ist durch Urkunden oder öffentliche Bücher beweisbar.;Im Allgemeinen ist ein Registrierungsverfahren notwendig, um zu definieren, was geschützt ist und wem es gehört.;Das Urheberrecht ist in den meisten Ländern durch ein Registrierungsverfahren geschützt.;Keine der genannten Antworten.;123;;Eigentum an beweglichen Sachen (Schwert, Pflug, Tier): eine klare Sache seit der Urzeit. Beweisbar durch Zeugen, Verträge, Augenschein. Auch Eigentum an unbeweglichen Sachen (Grundstück, Recht, im Wald eines anderen Bruchholz zu sammeln) ist seit langem möglich: Beweisbar durch Urkunden oder öffentliche Bücher (Grundbuch). Im Allgemeinen ist ein Registrierungsverfahren notwendig, um zu definieren, was geschützt ist, für wen es geschützt ist und ab wann (bis wann) es geschützt ist. Am Ende des Verfahrens steht (im Falle des Erfolges) die Eintragung in ein öffentliches Register, das der Unterrichtung der Öffentlichkeit dient. Nur das Urheberrecht in den meisten Ländern und in der EU, eine besondere Form des Designs besteht ohne derartiges Verfahren. Die Registrierungsverfahren sind von Land zu Land, bzw. von Schutzrechtsart zu Schutzrechtsart stark unterschiedlich.
"(38) Was versteht man unter 'Erstanmeldung'? 
";Wenn eine Anmeldung fallen gelassen wird und die Erfindung später noch einmal angemeldet wird, so gilt die spätere Anmeldung als die neue Erstanmeldung.;Die Erstanmeldung ist die erste Patentanmeldung/Musteranmeldung eines Anmelders für eine Erfindung im Verbandsgebiet.;Es ist möglich, mehrere Erstanmeldungen zu haben, wenn ein Patent/Muster in mehreren Staaten angemeldet wird.;Die Erstanmeldung wird im Prioritätsrecht für die Fristsetzung verwendet.;Keine der genannten Antworten.;24;;Unter Erstanmeldung ist die erste Patentanmeldung/Gebrauchsmusteranmeldung eines Anmelders für eine Erfindung im Verbandsgebiet zu verstehen. Wenn daher eine solche Anmeldung fallengelassen wird, und die Erfindung später noch einmal angemeldet wurde, so ist das keine Erstanmeldung mehr. Ausnahme: Wenn keinerlei Information über die erste Erstanmeldung in die Öffentlichkeit gelangt ist, dann gilt es natürlich nicht! Prioritätsrecht: Vom Tag der Erstanmeldung eines Schutzrechtes in einem Mitgliedstaat hat jeder Anmelder 1 Jahr Zeit, ein analoges Schutzrecht auch in den anderen Mitgliedstaaten anzumelden (Nachanmeldung) und dabei den Tag der Erstanmeldung als fiktiven Anmeldetag anerkannt zu bekommen (Skriptum Seite 15-16).
"(39) Was enthält eine Patentbeschreibung?
";Die Beschreibung enthält einen einleitenden Teil, der zwingend eine graphische Darstellung umfasst.;Die Beschreibung enthält einen einleitenden Teil, der den Stand der Technik und die Nachteile definiert.;Die Beschreibung enthält einen speziellen Teil, der auch Beispiele und Tabellen enthalten kann.;Die Beschreibung enthält einen speziellen Teil, der auch Sourcecode und Figurenbeschreibungen enthalten kann.;Keine der genannten Antworten.;234;;Die Beschreibung besteht zumindest aus dem einleitenden und dem speziellen Teil, der kann auch eine Figurenbeschreibung, Beispiele, Source-Code, Tabellen und anderes enthalten. Die Beschreibungseinleitung beschäftigt sich mit dem Stand der Technik und seinen Nachteilen, sie definiert, auf welchem technischen Gebiet die Erfindung liegt (Skriptum Seite 21).
(40) Welche der folgenden Aussagen treffen auf 'Älterem Recht' zu?;Es spielt bei der Beurteilung der Neuheit eine Rolle.;Es betrifft bestehende, aber unveröffentlichte Schutzrechtsanmeldungen.;Es ermöglicht Doppelpatentierung eines Gegenstandes.;"Es ist für das Urheberrecht relevant.
";Keine der genannten Antworten.;12;;Zum Stand der Technik gehören bei der Beurteilung der Neuheit auch vor der Anmeldung bestehende, noch unveröffentlichte, Österreich-betreffende Schutzrechtsanmeldungen, wenn sie später tatsächlich mit Wirkung für Österreich veröffentlicht werden. Solche Anmeldungen werden im Sprachgebrauch 'Älteres Recht' genannt. Der Grund für diese Anomalie liegt in den Bemühungen der Gesetzgeber, Doppelpatentierungen eines Gegenstandes, der knapp hintereinander mehrfach erfunden worden ist, zu vermeiden (Skriptum Seite 8).
"(41) Was versteht man unter der erforderlichen Neuheit einer Patentanmeldung? 
";Neu bedeutet, dass die Erfindung, so wie sie in der Anmeldung geoffenbart und in den Patentansprüchen definiert ist, am Anmeldetag im Stand der Technik nicht existiert.;Der Stand der Technik ist alles, was bis zum Anmeldetag in dem Land der Patentanmeldung an die Öffentlichkeit gekommen ist.;Bei einer Patentanmeldung ist die Erfindung als Ganzes zu sehen. Das Prinzip der Neuheit muss nicht für jeden Artikel einzeln überprüft werden.;Wenn ein Patent das Prinzip der Neuheit erfüllt, so muss er nicht gewerblich anwendbar sein, um in Österreich schützbar zu sein.;Keine der genannten Antworten.;1;;Patente werden unter anderem auf Antrag für Erfindungen erteilt, die neu sind. Neu bedeutet, dass die Erfindung, so wie sie in der Anmeldung geoffenbart und in den Patentansprüchen definiert ist, am Anmeldetag im Stand der Technik nicht existiert. Der Stand der Technik ist alles, was bis zum Anmeldetag irgendwo auf der Welt auf irgendeine Weise an die Öffentlichkeit gekommen ist. Jede Veröffentlichung muss bei der Beurteilung der Frage der Neuheit für sich betrachtet werden dürfen nicht als Ganzes genommen werden, sondern nur Artikel für Artikel, nur spezifische Querverweise führen zum Zusammenhalt. Das Patentgesetz in Österreich normiert, dass ein Patent sowohl neu als auch gewerblich anwendbar sein muss, um in Österreich schützbar zu sein (Skriptum Seiten 6-7).
(43) Welche der Antworten sind Beispiele für Tätigkeiten vor dem Anmeldetag, die die Neuheit einer Erfindung zerstören?;Die Erfindung in der eigenen Firma einsetzen.;Die Erfindung auf einer Messe bewerben.;Die Erfindung von einer anderen Firma mit Geheimhaltungsverpflichtung produzieren lassen.;Die Erfindung von Freunden oder Familienmitgliedern in ihrem Alltag testen lassen.;Keine der genannten Antworten.;24;;Neu bedeutet, dass die Erfindung, so wie sie in der Anmeldung geoffenbart und in den Patentansprüchen definiert ist, am Anmeldetag im Stand der Technik nicht existiert. Der Stand der Technik ist alles, was bis zum Anmeldetag irgendwo auf der Welt auf irgendeine Weise an die Öffentlichkeit gekommen ist (Skriptum Seite 7).
(44) Was ist eine Diensterfindung, und welche Kriterien müssen erfüllt sein, damit eine solche vorliegt?;Eine Diensterfindung ist jede Erfindung, die ein Dienstnehmer im Laufe seiner Arbeit beim Dienstgeber macht.;Eine Erfindung, die ein Dienstnehmer macht, die ins Arbeitsgebiet des Unternehmens fällt.;Eine Erfindung im Zuge der Arbeitsaufgaben, deren Idee durch die Arbeit beim Dienstgeber entstanden ist, oder die mit den Hilfsmitteln des Dienstgebers gemacht wurde.;Eine Erfindung, die ein Dienstnehmer im Laufe seiner Arbeit macht, die nicht ins Arbeitsgebiet des Unternehmens fällt.;Keine der genannten Antworten.;23;;Eine Diensterfindung liegt nur vor, (1.) erstens wenn sie ihrem Gegenstand nach in das Arbeitsgebiet des Unternehmens, in dem der Dienstnehmer tätig ist, fällt und (2.) zweitens, wenn entweder (a) die Tätigkeit, die zur Erfindung geführt hat, zu den dienstlichen Obliegenheiten des DN gehört oder (b) der DN die Anregung zur Erfindung durch seine Tätigkeit im Unternehmen erhalten hat oder (c) das Zustandekommen der Erfindung durch Benützung der Erfahrungen oder der Hilfsmittel des Unternehmens wesentlich erleichtert worden ist. Es muss somit (1.) erstens erfüllt sein aber es reicht schon aus, wenn von (2.) zweitens eines der drei Kriterien erfüllt ist, um aus einer freien Erfindung eine Diensterfindung zu machen (Skriptum Seite 34-35).
(45) Wann hat der Dienstnehmer dem Dienstgeber eine Diensterfindung zu melden?;Er oder sie muss dem Dienstgeber innerhalb von sechs Monaten mitteilen, eine Diensterfindung gemacht zu haben.;Er oder sie muss dem Dienstgeber innerhalb von vier Monaten mitteilen, eine Diensterfindung gemacht zu haben.;Er oder sie muss dem Dienstgeber unverzüglich mitteilen, eine Diensterfindung gemacht zu haben.;Er oder sie muss dem Dienstgeber gar nicht mitteilen, eine Diensterfindung gemacht zu haben.;Keine der genannten Antworten.;3;;Wenn eine solche Vereinbarung besteht, so hat der DN eine Erfindung, sobald sie fertig ist, unverzüglich dem DG mitzuteilen - Schadenersatzpflicht bei Unterlassung der Mitteilung, daher - obwohl vom Gesetz nicht vorgeschrieben - unbedingt schriftlich mit datierter Gegenbestätigung. Der DG hat binnen vier Monaten - in den meisten Kollektivverträgen aber auf drei oder zwei Monate verkürzt -, gerechnet vom Tag des Erhaltes der Mitteilung - deshalb die Datierung - an, zu erklären ob er die Erfindung als Diensterfindung in Anspruch nimmt (Skriptum Seite 35).
(46) Wenn im Zuge eines Werkvertrages der Ausführende eine zur Erfüllung des Werkvertrages notwendige Erfindung macht, wem gehört sie?;Grundsätzlich dem Auftragnehmer, außer, wenn etwas Anderes vertraglich vereinbart wurde.;Grundsätzlich dem Auftraggeber, außer, wenn etwas Anderes vertraglich vereinbart wurde.;Die Erfindung gehört sowohl dem Auftraggeber und dem Auftragnehmer, diese teilen sich die Schutzrechte.;Das ist gesetzlich nicht festgelegt, und muss im Streitfall vor Gericht geklärt werden.;Keine der genannten Antworten.;2;;Der Besteller hat daher ein Recht auf das bestellte, funktionierende, Werk. Wenn dieses eine Erfindung beinhaltet, so gehört dem Besteller auch die Erfindung - wenn im Zuge der Schaffung des Werkes eine darin nicht enthaltene Erfindung gemacht wird, gehört diese jedenfalls dem Erfinder/Unternehmer (Skriptum Seite 38).
(47) Welche zusätzlichen Informationen kann man in eine Patentanmeldung einbringen, nachdem sie angemeldet wurde?;Informationen, welche die Neuheit der Erfindung unterstreichen.;Informationen, welche die Erfindungshöhe der Erfindung unterstreichen.;Informationen, welche die gewerbliche Nutzbarkeit der Erfindung unterstreichen.;Es können keine Informationen mehr hinzugefügt werden.;Keine der genannten Antworten.;4;;Nach erfolgter Anmeldung kann den Anmeldungsunterlagen keinerlei Information mehr hinzugefügt werden! Wenn sich daher erst nach erfolgter Anmeldung herausstellt, dass zur Ausübung der Erfindung oder zur Abgrenzung vom Stand der Technik notwendige Informationen nicht in der Beschreibung enthalten sind, dann ist die Anmeldung im Allgemeinen zum Untergang verurteilt (Skriptum Seite 25).
(48) Wann kann man im Ausland prioritätsbegünstigte Patentanmeldungen einreichen?;Gar nicht, Anmeldungen im Ausland bekommen immer eine neue Priorität.;Unbegrenzt, sofern beide Länder Teil der PVÜ (Pariser Verbandsübereinkunft) sind.;Innerhalb eines Jahres, sofern beide Länder Teil der PVÜ (Pariser Verbandsübereinkunft) sind.;Innerhalb eines Jahres, sofern beide Länder Teil der PCT (Patent Cooperation Treaty) sind.;Keine der genannten Antworten.;3;;Vom Tag der Erstanmeldung eines Schutzrechtes in einem Mitgliedstaat hat jeder Anmelder ein Jahr Zeit, ein analoges Schutzrecht auch in den anderen Mitglied-staaten anzumelden (Nachanmeldung) und dabei den Tag der Erstanmeldung als fiktiven Anmeldetag anerkannt zu bekommen. (Skriptum Seite 15)
(49) Welche internationalen Übereinkünfte gibt es, um Auslandsanmeldungen für Erfindungen zu erleichtern?;Die Prager Verbandsübereinkunft, bzw. PVÜ (Pariser Verbandsübereinkunft).;Regionale Patente, wie etwa das EU-Patent des Europäischen Patentamts (EPA).;Das Unions-Patent, das aber noch nicht fertig verhandelt ist, dann aber ein einheitliches Schutzrecht in der ganzen EU gewähren soll.;Anmeldehilfsverfahren wie das PCT, wodurch keine Patente erteilt werden, das aber die Fristen für internationale Anmeldungen verlängert.;Keine der genannten Antworten.;234;;Regionale Patente, wie das Europäische Patent (EP), das vom Europäischen Patentamt für die EU-Staaten, die Schweiz und mehrere weitere Länder erteilt wird. Anmelden kann jeder, auch wenn er nicht Angehöriger eines Mitgliedstaates ist (offener Verein). Mit der Erteilung gilt das EP-Patent in jedem Land so, als wäre es dort vom dortigen Patentamt erteilt worden (Bündelpatent). Anmeldehilfsverfahren: Der PCT (Patent Cooperation Treaty) schiebt zwischen das Ende des Prioritätsjahres und den Beginn der einzelnen nationalen bzw. regionalen Anmeldungen eine sogenannte 'internationale Phase', die 8 oder 18 Monate dauert (Skriptum Seite 18).
(50) Patentschriften und auch Offenlegungsschriften weisen mehrere Abschnitte auf. Wählen Sie alle Antworten aus, die diese korrekt nennen und erläutern!;Die Einleitung, die den aktuellen Stand der Technik angibt, sowie dessen Herkunft.;Der Anspruch, der den aktuellen Stand der Technik angibt, sowie dessen Herkunft.;Die Beschreibung, die den Zweck und technischen Aufbau der Erfindung beschreibt.;Der Anspruch, der beschreibt, wofür genau das Patent Schutz gewähren soll.;Keine der genannten Antworten.;134;;Die Beschreibung besteht zumindest aus dem einleitenden und dem speziellen Teil, der kann auch eine Figurenbeschreibung, Beispiele, Source-Code, Tabellen und anderes enthalten. Die Beschreibungseinleitung beschäftigt sich mit dem Stand der Technik und seinen Nachteilen, sie definiert, auf welchem technischen Gebiet die Erfindung liegt (nicht: Elektrotechnik oder Akustik oder Verpackungstechnologie, sondern der nächstliegende Stand der Technik, wie er für die Erfindung notwendig ist), darf aber die Erfindung nicht nennen oder auch nur nahelegen. Es soll genau angegeben werden, woher dieser Stand der Technik bekannt ist. Wenn all der relevante Stand der Technik abgehandelt ist, wird angeführt, was die Erfindung technisch bezweckt. Dann erst wird die Erfindung ins Spiel gebracht. (Skriptum Seite 21-22). In der Patentschrift, nämlich in den Ansprüchen, muß genau definiert sein, wofür Schutz begehrt und gewährt wird. (Skriptum Seite 24)
(51) Welchen Zweck erfüllt die Marke?;Marken haben eine Herkunftsfunktion, geben also an, bei wem es sich um den Hersteller eines Produktes handelt.;Die Produzenten können so die eigenen Produkte besser von denen der Konkurrenz abgrenzen und bewerben.;Die Produzenten können so die Konkurrenz daran hindern, gleichartige Produkte zu verkaufen.;Die Konsumenten können besser einschätzen, was sie beim Kauf eines Produktes erwartet.;Keine der genannten Antworten.;124;;Marken ermöglichen es dem Produzenten bzw. Händler, eine gedankliche Verbindung zwischen seiner Ware bzw. seinen Dienstleistungen und der Vorstellung des Konsumenten aufzubauen - Herkunftsfunktion. (Skriptum Seite 2-3) Wem nutzt der gewerbliche Rechtsschutz? Marken: Marken et al: Erstens dem Inhaber, da er seine Waren/Dienstleistungen von gleichartigen Waren/Dienstleistungen seiner Konkurrenten unterscheiden kann, auch wenn sie inhaltlich gleich oder ähnlich sind. Zweitens dem Konsumenten, da er eine klare Unterscheidung zwischen gleichartigen Waren/Dienstleistungen treffen kann. Drittens der Allgemeinheit, da der Wettbewerb transparent und 'lauter' ist. (Skriptum Seite 5)
(52) Ist es notwendig, dass die Marke zum Zeitpunkt der Anmeldung neu ist?;Ja, es gelten die gleichen Bedingungen wie für Patente.;Ja, damit sichergestellt werden kann, dass niemand sonst diese Marke einsetzt.;Nein, eine Marke besteht zu dem Zeitpunkt, da sie einen Bekanntheitsgrad im relevanten Bereich erreicht.;Nein, durch lange, intensive Verwendung können auch nicht-schutzfähige Bezeichnungen zu Marken werden.;Keine der genannten Antworten.;34;;Auch die unregistrierte Marke bzw. die Etablissementbezeichnung und auch die Domain und der bürgerliche Name genießt diesen Schutz, wenn er/sie ?in beteiligten Verkehrskreisen bekannt ist? - als Prioritätstag gilt der Zeitpunkt, zu dem diese Bekanntheit erreicht wird. (Skriptum Seite 56) Schließlich Bezeichnungen, die an sich schutzunfähig sind - fast immer wegen ihres rein beschreibenden Charakters - aber durch lange, intensive Verwendung schutzfähig für die Waren/Dienstleistungen geworden sind, für die sie lange und intensiv verwendet worden sind, wie: Spar, Interntaional Business Machines, Erste Österreichische Sparkasse. (Skriptum Seite 56) Schutz der Marke im Ausland - Prinzipiell viele Ähnlichkeiten mit den Auslandsanmeldungen von Patenten, auch hier ist die PVÜ die wichtigste Grundlage, wesentlichster Unterschied: Die Neuheit, soferne man sie selbst zerstört, spielt keine Rolle, im Gegenteil, in manchen Ländern ist die bereits vor der Registrierung aufgenommene Benutzung notwendig. (Skriptum Seite 62)
(53) Welche Aussagen zur Kennzeichnungskraft einer Marke sind richtig?;Kennzeichnungskraft bezeichnet die Stärke, mit der man eine Marke von einer anderen unterscheiden kann.;Unaussprechliche Marken, oder Marken aus Zahlen-Kombinationen sind besonders stark.;Phantasie-Marken-Namen haben somit eine stärkere Kennzeichnungskraft als solche aus realen Wörtern, die dem Produkt sehr nahe liegen.;Die Kennzeichnungskraft fördernde Faktoren sind unter anderem die Abstraktheit einer Marke, oder auch, wie lange sie schon eingesetzt wird.;Keine der genannten Antworten.;134;;Eine Phantasiebezeichnung hat einen größeren Schutzbereich als eine relative Phantasiebezeichnung, die hat wiederum einen größeren Schutzbereich als eine 'angelehnte' Marke, und die wiederum hat einen größeren Schutzbereich als eine eigentlich schon fast schutzunfähige, weil weitgehend beschreibende Bezeichnung. Dazu kommt, dass lange und intensive Benutzung die Kennzeichnungskraft steigert. Innerhalb der einzelnen Gruppen, und deren sowieso unscharfe Abgrenzungen überschreitend, gilt, dass 'prägnante' Markenteile gegenüber nichtssagenden hervorstechen und zur Kennzeichnungskraft und damit zum Schutzumfang der Marke besonders beitragen (obwohl die Marke nicht 'zergliedernd' betrachtet werden darf). Dabei gelten unaussprechliche oder nur aus Zahlen/Farben bestehende Marken als besonders schwach (Skriptum Seite 56-57).
(54) Welche internationalen Verträge erleichtern die Registrierung von Marken im Ausland?;Die Pariser Verbandsübereinkunft (PVÜ) deckt neben Patenten auch Marken ab.;Die Internationale Registrierung (IR), durch die eine Marke bei der WIPO (World Intellectual Property Organization) angemeldet werden kann.;Das TRIPS Abkommen, das ähnlich wie die PVÜ sicherstellt, dass rechtlich alle Teilnehmer wie Inländer behandelt werden und eine Priorität schafft.;Die EU-Marke oder Unionsmarke, nach deren Anmeldung eine Marke in der ganzen EU gilt.;Keine der genannten Antworten.;234;;Die PVÜ deckt nur Patente ab, allerdings gibt es ein Abkommen für Marken, das so ähnlich funktioniert, nämlich TRIPS. ....  TRIPS (Trade Related aspects of Industrial Property rightS), schon bei den Marken kurz erwähnt, ein Zusatzabkommen zum WTO-Abkommen, sichert allen Angehörigen aller Mitgliedsländer Inländerbehandlung bei der Anmeldung, Verteidigung und Durchsetzung von Patenten, Mustern, Marken, etc. zu. (Skriptum Seite 70). Internationale Registrierung (IR) einschließlich Protokoll: Voraussetzung: Heimatmarke, dann Anmeldung bei der WIPO (World Intellectual Property Organisation) über Heimatbehörde für die gewünschten Mitgliedsländer. Ein ?Geschlossener Verein?, d.h., nur wer Angehöriger eines Mitgliedslandes ist, kann eine solche IR erwerben. Die benannten Staaten haben etwas über ein (Protokoll zwei) Jahr(e) nach erfolgter Registrierung Zeit, die IR zu beanstanden. In einigen Staaten können sich in diesem Zeitraum auch Dritte in einem Widerspruchsverfahren gegen die Schutzzulassung in diesem Staat aussprechen. Die IR gilt in jedem Staat so, als wäre sie eine dortige nationale Marke. (Skriptum Seite 62)
(55) Welche Aussagen über Muster (Designs) sind korrekt?;Alles, was an einer Erfindung technisch bedingt ist, kann man durch Muster (Designs) schützen lassen.;Für den Schutz von Mustern (Designs) ist in der EU das EUIPO (Amt der EU für geistiges Eigentum) zuständig.;Der Firmen- oder Produktname sind Teil des Musters.;Für Muster (Designs) gelten ähnliche Regeln der Neuheit, wie sie bei Patenten bestehen.;Keine der genannten Antworten.;24;;Seit 1. April 2003 gibt es in Alicante das EU-Musteramt, aktueller offizieller Titel: Amt der Europäischen Union für geistiges Eigentum, abgekürzt: EUIPO - ist aber eine Agentur, und kein Amt, es registriert neue Muster, 25 Jahre Laufzeit, für die gesamte EU, ein einheitliches Recht, ein offener Verein.
(56) Nennen Sie die drei Grundvoraussetzungen für die Erteilung von Patenten!;Die zu patentierende Erfindung muss neu sein.;Die zu patentierende Erfindung muss gewerblich anwendbar sein.;Die zu patentierende Erfindung muss wertvoll sein.;Die zu patentierende Erfindung darf sich nicht naheliegend aus dem Stand der Technik ergeben.;Keine der genannten Antworten.;124;;Für Erfindungen auf allen Gebieten der Technik werden auf Antrag Patente erteilt, soferne sie: 1. neu sind, 2. sich für den Fachmann nicht in naheliegender Weise aus dem Stand der Technik ergeben und 3. gewerblich anwendbar sind. (Skriptum Seite 6)
(57) Der grundlegende Vertrag für Anmeldungen Gewerblicher Schutzrechte im Ausland ist die Pariser Verbandsübereinkunft. Welches sind die drei zentralen Punkte dieser Übereinkunft?;Jeder Angehöriger eines Mitgliedslandes wird in allen Ländern wie ein Inländer behandelt.;Ein vergebenes Patent in einem Land gilt auch gleichermaßen für alle anderen teilnehmenden Länder.;Innerhalb eines Jahres ab Erstanmeldung kann das gleiche Schutzrecht auch in anderen Ländern mit gleicher Priorität vergeben werden.;Wenn ein Patent im Heimatland abgelehnt wird, wird es automatisch auch in allen anderen teilnehmenden Ländern ungültig.;Keine der genannten Antworten.;13;;Drei wichtige Punkte der PVÜ: Erstens: Inländerbehandlung: Jeder Angehörige (Person oder Unternehmen) eines Mitgliedstaates wird in allen anderen Mitgliedstaaten wie ein dortiger Inländer behandelt, einzige Ausnahme: Für Ausländer kann Vertreterzwang (Anwalt) vorgesehen sein. Zweitens: Prioritätsrecht: Vom Tag der Erstanmeldung eines Schutzrechtes in einem Mitgliedstaat, hat jeder Anmelder ein Jahr Zeit, ein analoges Schutzrecht auch in den anderen Mitgliedstaaten anzumelden (Nachanmeldung), und dabei den Tag der Erstanmeldung als fiktiven Anmeldetag anerkannt zu bekommen. Drittens: Unabhängigkeit: Die Behandlung jeder derartigen Nachanmeldung ist vom Schicksal jeder anderen Nachanmeldung und vom Schicksal der Erstanmeldung (in Summe: Patentfamilie) völlig unabhängig (Skriptum Seite 15).
(58) Auf welche Weise kann man Software schützen lassen, in Österreich oder auch im Ausland?;Software kann in allen Ländern, die an der PVÜ teilnehmen, patentiert werden.;In manchen Ländern, wie etwa den USA, kann Software patentiert werden, in Österreich aber nicht.;Jede nicht-triviale Software unterliegt in der EU automatisch dem Urheberrecht.;Die Programmlogik kann auch als Geschmacksmuster, eine Art Patent mit schwächeren Regeln, registriert werden.;Keine der genannten Antworten.;23;;Prinzipiell ist die Situation damit so, dass in der EU explizit und in den meisten anderen Staaten stillschweigend das Urheberrecht (siehe dieses) als Instrument für den Schutz von Software herangezogen wird, in den USA und Australien (auch) das Patentrecht, in den USA zumindest in manchen Aspekten ebenfalls das Urheberrecht (Copyright). In der EU ist dabei ausdrücklich festgehalten, dass bei der Software auch die 'kleine Münze' gilt. D.h., dass auch Software ohne besondere 'Eigenart' - die normalerweise im Urheberrecht Vorbedingung ist - geschützt wird, solange sie nicht einfach trivial ist. Österreich hat als Besonderheit den Schutz der Programmlogik - nicht der Software an sich - im Gebrauchsmusterrecht verankert.
(59) Ist eine Europäische Marke, auch Unionsmarke (UM), oder Gemeinschaftsmarke (CTM), ein Bündelschutzrecht oder ein einheitliches Schutzrecht?;Es handelt sich dabei um ein Bündelschutzrecht, das bedeutet also, dass so eine Marke in jedem Land getrennt gilt.;Es handelt sich dabei um ein Bündelschutzrecht, das bedeutet also, dass so eine Marke in der gesamten EU gleichermaßen gilt.;Es handelt sich dabei um ein einheitliches Schutzrecht, das bedeutet also, dass so eine Marke in jedem Land getrennt gilt.;Es handelt sich dabei um ein einheitliches Schutzrecht, das bedeutet also, dass so eine Marke in der gesamten EU gleichermaßen gilt.;Keine der genannten Antworten.;4;;EU-Marke (Unionsmarke, UM, früher: Gemeinschaftsmarke, CTM): Ein einheitliches Schutzrecht für das Gebiet der EU, gibt es daher nur für alle oder keinen Mitgliedsstaat (Skriptum Seite 63)
(60) Wann werden Patentanmeldungen im Allgemeinen veröffentlicht?;18 Monate nach der Anmeldung.;Zeitgleich mit der Anmeldung.;Ein Jahr nach der frühesten Priorität.;18 Monate nach der frühesten Priorität.;Keine der genannten Antworten.;4;;In praktisch allen Ländern, seit 1. Juli 2005 auch in Österreich, kommt noch dazu, dass die Anmeldung 18 Monate nach dem frühesten Prioritätstag veröffentlicht wird, somit wird die gesamte Offenbarung zu einem Zeitpunkt veröffentlicht, zu dem man noch nicht einmal weiß, ob später überhaupt ein Patent erteilt werden wird. (Skriptum Seite 24)
(61) Ist eine Internationale Markenregistrierung ein Bündelschutzrecht oder ein einheitliches Schutzrecht?;Es handelt sich dabei um ein Bündelschutzrecht, das bedeutet also, dass so eine Marke in jedem Land getrennt gilt.;Es handelt sich dabei um ein Bündelschutzrecht, das bedeutet also, dass so eine Marke in allen Ländern der WIPO gleichermaßen gilt.;Es handelt sich dabei um ein einheitliches Schutzrecht, das bedeutet also, dass so eine Marke in jedem Land getrennt gilt.;Es handelt sich dabei um ein einheitliches Schutzrecht, das bedeutet also, dass so eine Marke in allen Ländern der WIPO gleichermaßen gilt.;Keine der genannten Antworten.;1;;Internationale Registrierung (IR) einschließlich Protokoll: Voraussetzung: Heimatmarke (Protokoll: Heimatanmeldung), dann Anmeldung bei der WIPO (World Intellectual Property Organisation) über Heimatbehörde für die gewünschten Mitgliedsländer. Ein ?Geschlossener Verein?, d.h., nur wer Angehöriger eines Mitgliedslandes ist, kann eine solche IR erwerben. Die benannten Staaten haben etwas über ein (Protokoll zwei) Jahr(e) nach erfolgter Registrierung Zeit, die IR zu beanstanden. In einigen Staaten können sich in diesem Zeitraum auch Dritte in einem Widerspruchsverfahren gegen die Schutzzulassung in diesem Staat aussprechen. Die IR gilt in jedem Staat so, als wäre sie eine dortige nationale Marke. (Skriptum Seite 62)
(62) Welche Aussagen zum Stand der Technik sind korrekt?;Beim Stand der Technik handelt es sich um ein Kriterium zur gewerblichen Anwendbarkeit einer Erfindung bei der Patentierung.;Zum Stand der Technik gehört alles, was zum Anmeldetag im jeweiligen Land an die Öffentlichkeit gelangt ist.;Vor der Anmeldung bestehende, aber nicht veröffentlichte Schutzrechtanmeldungen, sind zum Stand der Technik irrelevant.;Der Stand der Technik ergibt sich aus allen anderen Patenten oder Veröffentlichungen, und muss daher im Patent nicht angegeben werden.;Keine der genannten Antworten.;5;;Neu bedeutet, dass die Erfindung, so wie sie in der Anmeldung geoffenbart und in den Patentansprüchen definiert ist, am Anmeldetag im Stand der Technik nicht existiert. Der Stand der Technik ist alles, was bis zum Anmeldetag irgendwo auf der Welt auf irgendeine Weise an die Öffentlichkeit gekommen ist. Zum Stand der Technik gehören bei der Beurteilung der Neuheit, aber nicht bei der Beurteilung der erfinderischen Tätigkeit, auch vor der Anmeldung bestehende, noch unveröffentlichte, Österreich betreffende Schutzrechtsanmeldungen, wenn sie später tatsächlich mit Wirkung für Österreich veröffentlicht werden. Solche Anmeldungen werden im Sprachgebrauch 'Älteres Recht' genannt (Skriptum Seite 6-8).
(63) Welche der folgenden Antworten treffen auf den freien Stand der Technik zu?;Es handelt sich um das Gegenstück des geschützten Standes der Technik.;Das bedeutet, dass der Stand der Technik nicht oder nicht mehr durch ein Schutzrecht abgedeckt ist.;Er gilt nur für das jeweils aktuelle Land, somit kann ein Stand der Technik in unterschiedlichen Gebieten sowohl frei als auch geschützt sein.;Für die Beurteilung der Erfindungshöhe ist dieser besonders relevant.;Keine der genannten Antworten.;123;;Antworten nach dem Internet, da im Skriptum nicht vorhanden. (Siehe https://www.konstanz.ihk.de/innovation/beratung/Produktentwicklung/Stand_der_Technik/Was_heisst_Stand_der_Technik/1677450 oder http://www.patentingenieurbuero.com/stand-der-technik-stdt/#Freier_Stand_der_Technik_vs_Geschuetzter_Stand_der_Technik).
(64) Wie lange besteht in den meisten Ländern der Welt der urheberrechtliche Schutz?;20 Jahre vom Tag der Anmeldung des Werks.;Unendlich lange, wenn der Schutz regelmäßig erneuert wird.;10 bis 25 Jahre, je nach Land.;Bis 70 Jahre nach dem Tod des Schöpfers.;Keine der genannten Antworten.;4;;Wegen der unterschiedlichen Grundideen und der unterschiedlichen Geschichte dieser Schutzrechte auch unterschiedliche lange Laufdauer: Patente praktisch in allen Staaten 20 Jahre vom Anmeldetag. Marken de facto unendlich lange, wenn sie regelmäßig (zumeist alle 10 Jahre) erneuert werden. Designs 10 bis 25 Jahre, je nach Land. Urheberrecht in Europa im Allgemeinen bis 70 Jahre nach dem Tod des Schöpfers. (Skriptum Seite 3)
